101,100-109,100-119
102,100-109,100-119
103,100-109,100-119
104,100-109,100-119
105,100-109,100-119
106,100-109,100-119
107,100-109,100-119
108,100-109,100-119
109,100-109,100-119
110,110-119,100-119
111,110-119,100-119
112,110-119,100-119
113,110-119,100-119
114,110-119,100-119
115,110-119,100-119
116,110-119,100-119
117,110-119,100-119
118,110-119,100-119
119,110-119,100-119
120,120-129,120-139
121,120-129,120-139
122,120-129,120-139
123,120-129,120-139
124,120-129,120-139
125,120-129,120-139
126,120-129,120-139
127,120-129,120-139
128,120-129,120-139
129,120-129,120-139
130,130-139,120-139
131,130-139,120-139
132,130-139,120-139
133,130-139,120-139
134,130-139,120-139
135,130-139,120-139
136,130-139,120-139
137,130-139,120-139
138,130-139,120-139
139,130-139,120-139
140,140-149,140-159
141,140-149,140-159
142,140-149,140-159
143,140-149,140-159
144,140-149,140-159
145,140-149,140-159
146,140-149,140-159
147,140-149,140-159
148,140-149,140-159
149,140-149,140-159
150,150-159,140-159
151,150-159,140-159
152,150-159,140-159
153,150-159,140-159
154,150-159,140-159
155,150-159,140-159
156,150-159,140-159
157,150-159,140-159
158,150-159,140-159
159,150-159,140-159
160,160-169,160-179
161,160-169,160-179
162,160-169,160-179
163,160-169,160-179
164,160-169,160-179
165,160-169,160-179
166,160-169,160-179
167,160-169,160-179
168,160-169,160-179
169,160-169,160-179
170,170-179,160-179
171,170-179,160-179
172,170-179,160-179
173,170-179,160-179
174,170-179,160-179
175,170-179,160-179
176,170-179,160-179
177,170-179,160-179
178,170-179,160-179
179,170-179,160-179
180,180-189,180-199
181,180-189,180-199
182,180-189,180-199
183,180-189,180-199
184,180-189,180-199
185,180-189,180-199
186,180-189,180-199
187,180-189,180-199
188,180-189,180-199
189,180-189,180-199
190,190-199,180-199
191,190-199,180-199
192,190-199,180-199
193,190-199,180-199
194,190-199,180-199
195,190-199,180-199
196,190-199,180-199
197,190-199,180-199
198,190-199,180-199
199,190-199,180-199
200,200-209,200-219
201,200-209,200-219
202,200-209,200-219
203,200-209,200-219
204,200-209,200-219
205,200-209,200-219
206,200-209,200-219
207,200-209,200-219
208,200-209,200-219
209,200-209,200-219
210,210-219,200-219
211,210-219,200-219
212,210-219,200-219
213,210-219,200-219
214,210-219,200-219
215,210-219,200-219
216,210-219,200-219
217,210-219,200-219
218,210-219,200-219
219,210-219,200-219
220,220-229,220-239
221,220-229,220-239
222,220-229,220-239
223,220-229,220-239
224,220-229,220-239
225,220-229,220-239
226,220-229,220-239
227,220-229,220-239
228,220-229,220-239
229,220-229,220-239
230,230-239,220-239
231,230-239,220-239
232,230-239,220-239
233,230-239,220-239
234,230-239,220-239
235,230-239,220-239
236,230-239,220-239
237,230-239,220-239
238,230-239,220-239
239,230-239,220-239
240,240-249,240-259
241,240-249,240-259
242,240-249,240-259
243,240-249,240-259
244,240-249,240-259
245,240-249,240-259
246,240-249,240-259
247,240-249,240-259
248,240-249,240-259
249,240-249,240-259
250,250-259,240-259
251,250-259,240-259
252,250-259,240-259
253,250-259,240-259
254,250-259,240-259
255,250-259,240-259
256,250-259,240-259
257,250-259,240-259
258,250-259,240-259
259,250-259,240-259
260,260-269,260-279
261,260-269,260-279
262,260-269,260-279
263,260-269,260-279
264,260-269,260-279
265,260-269,260-279
266,260-269,260-279
267,260-269,260-279
268,260-269,260-279
269,260-269,260-279
270,270-279,260-279
271,270-279,260-279
272,270-279,260-279
273,270-279,260-279
274,270-279,260-279
275,270-279,260-279
276,270-279,260-279
277,270-279,260-279
278,270-279,260-279
279,270-279,260-279
280,280-289,280-299
281,280-289,280-299
282,280-289,280-299
283,280-289,280-299
284,280-289,280-299
285,280-289,280-299
286,280-289,280-299
287,280-289,280-299
288,280-289,280-299
289,280-289,280-299
290,290-299,280-299
291,290-299,280-299
292,290-299,280-299
293,290-299,280-299
294,290-299,280-299
295,290-299,280-299
296,290-299,280-299
297,290-299,280-299
298,290-299,280-299
299,290-299,280-299
300,300-309,300-319
301,300-309,300-319
302,300-309,300-319
303,300-309,300-319
304,300-309,300-319
305,300-309,300-319
306,300-309,300-319
307,300-309,300-319
308,300-309,300-319
309,300-309,300-319
310,310-319,300-319
311,310-319,300-319
312,310-319,300-319
313,310-319,300-319
314,310-319,300-319
315,310-319,300-319
316,310-319,300-319
317,310-319,300-319
318,310-319,300-319
319,310-319,300-319
320,320-329,320-339
321,320-329,320-339
322,320-329,320-339
323,320-329,320-339
324,320-329,320-339
325,320-329,320-339
326,320-329,320-339
327,320-329,320-339
328,320-329,320-339
329,320-329,320-339
330,330-339,320-339
331,330-339,320-339
332,330-339,320-339
333,330-339,320-339
334,330-339,320-339
335,330-339,320-339
336,330-339,320-339
337,330-339,320-339
338,330-339,320-339
339,330-339,320-339
340,340-349,340-359
341,340-349,340-359
342,340-349,340-359
343,340-349,340-359
344,340-349,340-359
345,340-349,340-359
346,340-349,340-359
347,340-349,340-359
348,340-349,340-359
349,340-349,340-359
350,350-359,340-359
351,350-359,340-359
352,350-359,340-359
353,350-359,340-359
354,350-359,340-359
355,350-359,340-359
356,350-359,340-359
357,350-359,340-359
358,350-359,340-359
359,350-359,340-359
360,360-369,360-379
361,360-369,360-379
362,360-369,360-379
363,360-369,360-379
364,360-369,360-379
365,360-369,360-379
366,360-369,360-379
367,360-369,360-379
368,360-369,360-379
369,360-369,360-379
370,370-379,360-379
371,370-379,360-379
372,370-379,360-379
373,370-379,360-379
374,370-379,360-379
375,370-379,360-379
376,370-379,360-379
377,370-379,360-379
378,370-379,360-379
379,370-379,360-379
380,380-389,380-399
381,380-389,380-399
382,380-389,380-399
383,380-389,380-399
384,380-389,380-399
385,380-389,380-399
386,380-389,380-399
387,380-389,380-399
388,380-389,380-399
389,380-389,380-399
390,390-399,380-399
391,390-399,380-399
392,390-399,380-399
393,390-399,380-399
394,390-399,380-399
395,390-399,380-399
396,390-399,380-399
397,390-399,380-399
398,390-399,380-399
399,390-399,380-399
400,400-409,400-419
401,400-409,400-419
402,400-409,400-419
403,400-409,400-419
404,400-409,400-419
405,400-409,400-419
406,400-409,400-419
407,400-409,400-419
408,400-409,400-419
409,400-409,400-419
410,410-419,400-419
411,410-419,400-419
412,410-419,400-419
413,410-419,400-419
414,410-419,400-419
415,410-419,400-419
416,410-419,400-419
417,410-419,400-419
418,410-419,400-419
419,410-419,400-419
420,420-429,420-439
421,420-429,420-439
422,420-429,420-439
423,420-429,420-439
424,420-429,420-439
425,420-429,420-439
426,420-429,420-439
427,420-429,420-439
428,420-429,420-439
429,420-429,420-439
430,430-439,420-439
431,430-439,420-439
432,430-439,420-439
433,430-439,420-439
434,430-439,420-439
435,430-439,420-439
436,430-439,420-439
437,430-439,420-439
438,430-439,420-439
439,430-439,420-439
440,440-449,440-459
441,440-449,440-459
442,440-449,440-459
443,440-449,440-459
444,440-449,440-459
445,440-449,440-459
446,440-449,440-459
447,440-449,440-459
448,440-449,440-459
449,440-449,440-459
450,450-459,440-459
451,450-459,440-459
452,450-459,440-459
453,450-459,440-459
454,450-459,440-459
455,450-459,440-459
456,450-459,440-459
457,450-459,440-459
458,450-459,440-459
459,450-459,440-459
460,460-469,460-479
461,460-469,460-479
462,460-469,460-479
463,460-469,460-479
464,460-469,460-479
465,460-469,460-479
466,460-469,460-479
467,460-469,460-479
468,460-469,460-479
469,460-469,460-479
470,470-479,460-479
471,470-479,460-479
472,470-479,460-479
473,470-479,460-479
474,470-479,460-479
475,470-479,460-479
476,470-479,460-479
477,470-479,460-479
478,470-479,460-479
479,470-479,460-479
480,480-489,480-499
481,480-489,480-499
482,480-489,480-499
483,480-489,480-499
484,480-489,480-499
485,480-489,480-499
486,480-489,480-499
487,480-489,480-499
488,480-489,480-499
489,480-489,480-499
490,490-499,480-499
491,490-499,480-499
492,490-499,480-499
493,490-499,480-499
494,490-499,480-499
495,490-499,480-499
496,490-499,480-499
497,490-499,480-499
498,490-499,480-499
499,490-499,480-499
500,500-509,500-519
501,500-509,500-519
502,500-509,500-519
503,500-509,500-519
504,500-509,500-519
505,500-509,500-519
506,500-509,500-519
507,500-509,500-519
508,500-509,500-519
509,500-509,500-519
510,510-519,500-519
511,510-519,500-519
512,510-519,500-519
513,510-519,500-519
514,510-519,500-519
515,510-519,500-519
516,510-519,500-519
517,510-519,500-519
518,510-519,500-519
519,510-519,500-519
520,520-529,520-539
521,520-529,520-539
522,520-529,520-539
523,520-529,520-539
524,520-529,520-539
525,520-529,520-539
526,520-529,520-539
527,520-529,520-539
528,520-529,520-539
529,520-529,520-539
530,530-539,520-539
531,530-539,520-539
532,530-539,520-539
533,530-539,520-539
534,530-539,520-539
535,530-539,520-539
536,530-539,520-539
537,530-539,520-539
538,530-539,520-539
539,530-539,520-539
540,540-549,540-559
541,540-549,540-559
542,540-549,540-559
543,540-549,540-559
544,540-549,540-559
545,540-549,540-559
546,540-549,540-559
547,540-549,540-559
548,540-549,540-559
549,540-549,540-559
550,550-559,540-559
551,550-559,540-559
552,550-559,540-559
553,550-559,540-559
554,550-559,540-559
555,550-559,540-559
556,550-559,540-559
557,550-559,540-559
558,550-559,540-559
559,550-559,540-559
560,560-569,560-579
561,560-569,560-579
562,560-569,560-579
563,560-569,560-579
564,560-569,560-579
565,560-569,560-579
566,560-569,560-579
567,560-569,560-579
568,560-569,560-579
569,560-569,560-579
570,570-579,560-579
571,570-579,560-579
572,570-579,560-579
573,570-579,560-579
574,570-579,560-579
575,570-579,560-579
576,570-579,560-579
577,570-579,560-579
578,570-579,560-579
579,570-579,560-579
580,580-589,580-599
581,580-589,580-599
582,580-589,580-599
583,580-589,580-599
584,580-589,580-599
585,580-589,580-599
586,580-589,580-599
587,580-589,580-599
588,580-589,580-599
589,580-589,580-599
590,590-599,580-599
591,590-599,580-599
592,590-599,580-599
593,590-599,580-599
594,590-599,580-599
595,590-599,580-599
596,590-599,580-599
597,590-599,580-599
598,590-599,580-599
599,590-599,580-599
600,600-609,600-619
601,600-609,600-619
602,600-609,600-619
603,600-609,600-619
604,600-609,600-619
605,600-609,600-619
606,600-609,600-619
607,600-609,600-619
608,600-609,600-619
609,600-609,600-619
610,610-619,600-619
611,610-619,600-619
612,610-619,600-619
613,610-619,600-619
614,610-619,600-619
615,610-619,600-619
616,610-619,600-619
617,610-619,600-619
618,610-619,600-619
619,610-619,600-619
620,620-629,620-639
621,620-629,620-639
622,620-629,620-639
623,620-629,620-639
624,620-629,620-639
625,620-629,620-639
626,620-629,620-639
627,620-629,620-639
628,620-629,620-639
629,620-629,620-639
630,630-639,620-639
631,630-639,620-639
632,630-639,620-639
633,630-639,620-639
634,630-639,620-639
635,630-639,620-639
636,630-639,620-639
637,630-639,620-639
638,630-639,620-639
639,630-639,620-639
640,640-649,640-659
641,640-649,640-659
642,640-649,640-659
643,640-649,640-659
644,640-649,640-659
645,640-649,640-659
646,640-649,640-659
647,640-649,640-659
648,640-649,640-659
649,640-649,640-659
650,650-659,640-659
651,650-659,640-659
652,650-659,640-659
653,650-659,640-659
654,650-659,640-659
655,650-659,640-659
656,650-659,640-659
657,650-659,640-659
658,650-659,640-659
659,650-659,640-659
660,660-669,660-679
661,660-669,660-679
662,660-669,660-679
663,660-669,660-679
664,660-669,660-679
665,660-669,660-679
666,660-669,660-679
667,660-669,660-679
668,660-669,660-679
669,660-669,660-679
670,670-679,660-679
671,670-679,660-679
672,670-679,660-679
673,670-679,660-679
674,670-679,660-679
675,670-679,660-679
676,670-679,660-679
677,670-679,660-679
678,670-679,660-679
679,670-679,660-679
680,680-689,680-699
681,680-689,680-699
682,680-689,680-699
683,680-689,680-699
684,680-689,680-699
685,680-689,680-699
686,680-689,680-699
687,680-689,680-699
688,680-689,680-699
689,680-689,680-699
690,690-699,680-699
691,690-699,680-699
692,690-699,680-699
693,690-699,680-699
694,690-699,680-699
695,690-699,680-699
696,690-699,680-699
697,690-699,680-699
698,690-699,680-699
699,690-699,680-699
700,700-709,700-719
701,700-709,700-719
702,700-709,700-719
703,700-709,700-719
704,700-709,700-719
705,700-709,700-719
706,700-709,700-719
707,700-709,700-719
708,700-709,700-719
709,700-709,700-719
710,710-719,700-719
711,710-719,700-719
712,710-719,700-719
713,710-719,700-719
714,710-719,700-719
715,710-719,700-719
716,710-719,700-719
717,710-719,700-719
718,710-719,700-719
719,710-719,700-719
720,720-729,720-739
721,720-729,720-739
722,720-729,720-739
723,720-729,720-739
724,720-729,720-739
725,720-729,720-739
726,720-729,720-739
727,720-729,720-739
728,720-729,720-739
729,720-729,720-739
730,730-739,720-739
731,730-739,720-739
732,730-739,720-739
733,730-739,720-739
734,730-739,720-739
735,730-739,720-739
736,730-739,720-739
737,730-739,720-739
738,730-739,720-739
739,730-739,720-739
740,740-749,740-759
741,740-749,740-759
742,740-749,740-759
743,740-749,740-759
744,740-749,740-759
745,740-749,740-759
746,740-749,740-759
747,740-749,740-759
748,740-749,740-759
749,740-749,740-759
750,750-759,740-759
751,750-759,740-759
752,750-759,740-759
753,750-759,740-759
754,750-759,740-759
755,750-759,740-759
756,750-759,740-759
757,750-759,740-759
758,750-759,740-759
759,750-759,740-759
760,760-769,760-779
761,760-769,760-779
762,760-769,760-779
763,760-769,760-779
764,760-769,760-779
765,760-769,760-779
766,760-769,760-779
767,760-769,760-779
768,760-769,760-779
769,760-769,760-779
770,770-779,760-779
771,770-779,760-779
772,770-779,760-779
773,770-779,760-779
774,770-779,760-779
775,770-779,760-779
776,770-779,760-779
777,770-779,760-779
778,770-779,760-779
779,770-779,760-779
780,780-789,780-799
781,780-789,780-799
782,780-789,780-799
783,780-789,780-799
784,780-789,780-799
785,780-789,780-799
786,780-789,780-799
787,780-789,780-799
788,780-789,780-799
789,780-789,780-799
790,790-799,780-799
791,790-799,780-799
792,790-799,780-799
793,790-799,780-799
794,790-799,780-799
795,790-799,780-799
796,790-799,780-799
797,790-799,780-799
798,790-799,780-799
799,790-799,780-799
800,800-809,800-819
801,800-809,800-819
802,800-809,800-819
803,800-809,800-819
804,800-809,800-819
805,800-809,800-819
806,800-809,800-819
807,800-809,800-819
808,800-809,800-819
809,800-809,800-819
810,810-819,800-819
811,810-819,800-819
812,810-819,800-819
813,810-819,800-819
814,810-819,800-819
815,810-819,800-819
816,810-819,800-819
817,810-819,800-819
818,810-819,800-819
819,810-819,800-819
820,820-829,820-839
821,820-829,820-839
822,820-829,820-839
823,820-829,820-839
824,820-829,820-839
825,820-829,820-839
826,820-829,820-839
827,820-829,820-839
828,820-829,820-839
829,820-829,820-839
830,830-839,820-839
831,830-839,820-839
832,830-839,820-839
833,830-839,820-839
834,830-839,820-839
835,830-839,820-839
836,830-839,820-839
837,830-839,820-839
838,830-839,820-839
839,830-839,820-839
840,840-849,840-859
841,840-849,840-859
842,840-849,840-859
843,840-849,840-859
844,840-849,840-859
845,840-849,840-859
846,840-849,840-859
847,840-849,840-859
848,840-849,840-859
849,840-849,840-859
850,850-859,840-859
851,850-859,840-859
852,850-859,840-859
853,850-859,840-859
854,850-859,840-859
855,850-859,840-859
856,850-859,840-859
857,850-859,840-859
858,850-859,840-859
859,850-859,840-859
860,860-869,860-879
861,860-869,860-879
862,860-869,860-879
863,860-869,860-879
864,860-869,860-879
865,860-869,860-879
866,860-869,860-879
867,860-869,860-879
868,860-869,860-879
869,860-869,860-879
870,870-879,860-879
871,870-879,860-879
872,870-879,860-879
873,870-879,860-879
874,870-879,860-879
875,870-879,860-879
876,870-879,860-879
877,870-879,860-879
878,870-879,860-879
879,870-879,860-879
880,880-889,880-899
881,880-889,880-899
882,880-889,880-899
883,880-889,880-899
884,880-889,880-899
885,880-889,880-899
886,880-889,880-899
887,880-889,880-899
888,880-889,880-899
889,880-889,880-899
890,890-899,880-899
891,890-899,880-899
892,890-899,880-899
893,890-899,880-899
894,890-899,880-899
895,890-899,880-899
896,890-899,880-899
897,890-899,880-899
898,890-899,880-899
899,890-899,880-899
900,900-909,900-919
901,900-909,900-919
902,900-909,900-919
903,900-909,900-919
904,900-909,900-919
905,900-909,900-919
906,900-909,900-919
907,900-909,900-919
908,900-909,900-919
909,900-909,900-919
910,910-919,900-919
911,910-919,900-919
912,910-919,900-919
913,910-919,900-919
914,910-919,900-919
915,910-919,900-919
916,910-919,900-919
917,910-919,900-919
918,910-919,900-919
919,910-919,900-919
920,920-929,920-939
921,920-929,920-939
922,920-929,920-939
923,920-929,920-939
924,920-929,920-939
925,920-929,920-939
926,920-929,920-939
927,920-929,920-939
928,920-929,920-939
929,920-929,920-939
930,930-939,920-939
931,930-939,920-939
932,930-939,920-939
933,930-939,920-939
934,930-939,920-939
935,930-939,920-939
936,930-939,920-939
937,930-939,920-939
938,930-939,920-939
939,930-939,920-939
940,940-949,940-959
941,940-949,940-959
942,940-949,940-959
943,940-949,940-959
944,940-949,940-959
945,940-949,940-959
946,940-949,940-959
947,940-949,940-959
948,940-949,940-959
949,940-949,940-959
950,950-959,940-959
951,950-959,940-959
952,950-959,940-959
953,950-959,940-959
954,950-959,940-959
955,950-959,940-959
956,950-959,940-959
957,950-959,940-959
958,950-959,940-959
959,950-959,940-959
960,960-969,960-979
961,960-969,960-979
962,960-969,960-979
963,960-969,960-979
964,960-969,960-979
965,960-969,960-979
966,960-969,960-979
967,960-969,960-979
968,960-969,960-979
969,960-969,960-979
970,970-979,960-979
971,970-979,960-979
972,970-979,960-979
973,970-979,960-979
974,970-979,960-979
975,970-979,960-979
976,970-979,960-979
977,970-979,960-979
978,970-979,960-979
979,970-979,960-979
980,980-989,980-999
981,980-989,980-999
982,980-989,980-999
983,980-989,980-999
984,980-989,980-999
985,980-989,980-999
986,980-989,980-999
987,980-989,980-999
988,980-989,980-999
989,980-989,980-999
990,990-999,980-999
991,990-999,980-999
992,990-999,980-999
993,990-999,980-999
994,990-999,980-999
995,990-999,980-999
996,990-999,980-999
997,990-999,980-999
998,990-999,980-999
999,990-999,980-999
